{"cameraMode":{"drawMode":0,"name":"Shaded","section":"Shading Mode"},"sceneLighting":true,"audioPlay":false,"sceneViewState":{"showFog":true,"showMaterialUpdate":false,"showSkybox":false,"showFlares":true,"showImageEffects":true,"showParticleSystems":true},"in2DMode":false,"pivot":{"x":103.32786560058594,"y":-446.1102294921875,"z":1397.35693359375},"rotation":{"x":0.16774801909923554,"y":0.03768481686711311,"z":0.0005975912790745497,"w":0.9857507348060608},"size":738.1008911132813,"orthographic":false}