{"cameraMode":{"drawMode":0,"name":"Shaded","section":"Shading Mode"},"sceneLighting":true,"audioPlay":false,"sceneViewState":{"showFog":true,"showMaterialUpdate":false,"showSkybox":false,"showFlares":true,"showImageEffects":true,"showParticleSystems":true},"in2DMode":false,"pivot":{"x":2.88897705078125,"y":-8.1485595703125,"z":-7.46124267578125},"rotation":{"x":-0.011573949828743935,"y":0.017424901947379113,"z":0.007533661555498838,"w":1.0003713369369507},"size":1084.057861328125,"orthographic":false}