{"cameraMode":{"drawMode":0,"name":"Shaded","section":"Shading Mode"},"sceneLighting":false,"audioPlay":false,"sceneViewState":{"showFog":true,"showMaterialUpdate":false,"showSkybox":false,"showFlares":true,"showImageEffects":true,"showParticleSystems":true},"in2DMode":false,"pivot":{"x":-0.3533935546875,"y":-8.2789306640625,"z":-75.78131103515625},"rotation":{"x":0.08579156547784805,"y":0.02301802672445774,"z":0.0014916176442056895,"w":0.9963749647140503},"size":2127.461181640625,"orthographic":false}