{"cameraMode":{"drawMode":0,"name":"Shaded","section":"Shading Mode"},"sceneLighting":true,"audioPlay":false,"sceneViewState":{"showFog":true,"showMaterialUpdate":false,"showSkybox":true,"showFlares":true,"showImageEffects":true,"showParticleSystems":true},"in2DMode":false,"pivot":{"x":-0.2299424409866333,"y":86.79962921142578,"z":304.90972900390627},"rotation":{"x":0.13581638038158418,"y":-0.0040925792418420319,"z":-0.005559552926570177,"w":-0.9912290573120117},"size":154.0105438232422,"orthographic":false}