{"cameraMode":{"drawMode":0,"name":"Shaded","section":"Shading Mode"},"sceneLighting":true,"audioPlay":false,"sceneViewState":{"showFog":true,"showMaterialUpdate":false,"showSkybox":false,"showFlares":true,"showImageEffects":true,"showParticleSystems":true},"in2DMode":false,"pivot":{"x":-37.56810760498047,"y":189.81443786621095,"z":116.39656066894531},"rotation":{"x":0.2555706202983856,"y":0.03562134876847267,"z":0.009461365640163422,"w":-0.9661658406257629},"size":649.51904296875,"orthographic":false}