{"cameraMode":{"drawMode":0,"name":"Shaded","section":"Shading Mode"},"sceneLighting":false,"audioPlay":false,"sceneViewState":{"showFog":true,"showMaterialUpdate":true,"showSkybox":false,"showFlares":true,"showImageEffects":true,"showParticleSystems":true},"in2DMode":false,"pivot":{"x":1.48468017578125,"y":-62.72378921508789,"z":49.421844482421878},"rotation":{"x":0.41791489720344546,"y":0.005687812343239784,"z":0.00649973563849926,"w":0.909268856048584},"size":422.4319763183594,"orthographic":false}