{"cameraMode":{"drawMode":0,"name":"Shaded","section":"Shading Mode"},"sceneLighting":true,"audioPlay":false,"sceneViewState":{"showFog":true,"showMaterialUpdate":true,"showSkybox":true,"showFlares":true,"showImageEffects":true,"showParticleSystems":true},"in2DMode":false,"pivot":{"x":4.1666154861450199,"y":-325.2834777832031,"z":721.3983764648438},"rotation":{"x":0.22500677406787873,"y":-0.00013042001228313893,"z":0.00857149250805378,"w":0.9750937819480896},"size":460.1061096191406,"orthographic":false}